pl_name,pl_bmassj,st_mass,pl_orbsmax,pl_radj
Mercure,0.00017,1,0.387,0.00027
Venus,0.00256,1,0.723,0.0026
Terre,0.00315,1,1,0.0031
Mars,0.00034,1,1.524,0.0003
Jupiter,1,1,5.203,1
Saturn,0.3,1,9.537,0.2987
Uranus,0.04575,1,19.229,0.0472
Neptune,0.05396,1,30.104,0.0535